{
  "baseline": {
    "total_pairs": 15620,
    "avg_input_length": 1815.6475672215108,
    "avg_target_length": 503.52202304737517,
    "avg_input_words": 445.1978873239437,
    "avg_target_words": 112.10012804097312,
    "num_truncated": 2610,
    "truncation_rate": 0.16709346991037133,
    "input_target_ratio": 3.6058950435434696
  },
  "fused_sentences": {
    "total_pairs": 15620,
    "avg_num_sentences": 14.565556978233035,
    "avg_input_length": 1805.1656209987195,
    "avg_target_length": 503.52202304737517,
    "avg_input_words": 442.41536491677334,
    "avg_target_words": 112.10012804097312,
    "num_truncated": 2582,
    "truncation_rate": 0.16530089628681177,
    "input_target_ratio": 3.5850777887998673
  },
  "discourse_aware": {
    "total_pairs": 15620,
    "avg_num_sentences_original": 14.565556978233035,
    "avg_num_sentences_selected": 2.487259923175416,
    "avg_input_length": 743.7204225352112,
    "avg_target_length": 503.52202304737517,
    "avg_input_words": 178.7044814340589,
    "avg_target_words": 112.10012804097312,
    "avg_compression_ratio": 0.4364960789179686,
    "avg_reduction_percentage": 56.3503921082032,
    "input_target_ratio": 1.4770365316577947
  }
}