{
  "model": "google/mt5-small",
  "model_type": "base",
  "dataset": "8Opt/vietnamese-summarization-dataset-0001",
  "split": "test",
  "timestamp": "20251214_023144",
  "num_samples": 1953,
  "metrics": {
    "rouge1": 0.13246991844118228,
    "rouge2": 0.0624015439183668,
    "rougeL": 0.111543482598295,
    "rougeLsum": 0.11152577132531805,
    "bleu": 0.0023626839271587295,
    "meteor": 0.04368600142350608
  },
  "config": {
    "max_length": 128,
    "min_length": 30,
    "num_beams": 4,
    "length_penalty": 2.0
  }
}