{
  "model": "google/mt5-small",
  "model_type": "base",
  "dataset": "8Opt/vietnamese-summarization-dataset-0001",
  "split": "test",
  "timestamp": "20251214_030958",
  "num_samples": 1953,
  "metrics": {
    "rouge1": 0.13244707087786586,
    "rouge2": 0.062438269852844966,
    "rougeL": 0.11148172997846056,
    "rougeLsum": 0.11153931619660451,
    "bleu": 0.0023626839271587295,
    "meteor": 0.04368600142350608
  },
  "config": {
    "max_length": 128,
    "min_length": 30,
    "num_beams": 4,
    "length_penalty": 2.0
  }
}